{"type":"Topology","transform":{"scale":[0.00150800676602363,0.0013533749200256304],"translate":[16.45191000000159,-34.83336999999847]},"arcs":[[[8957,2974],[1,0]],[[8958,2974],[9,-22],[79,-18],[35,-51],[-2,-67],[34,-44]],[[9113,2772],[-83,-115],[-156,-152],[-50,-7],[-89,-99],[-81,-58],[-53,-20],[-158,-191],[-77,-102],[-123,-141],[-69,-52],[-21,-32],[-95,-81],[-61,-74],[-53,-22],[-38,-43],[-70,-50],[-60,-20],[-95,-116],[-44,-23],[-32,-41],[-128,-68],[-79,-72],[-52,-27],[-278,-200],[-116,-41],[-46,-33],[-87,-22],[-72,-47],[-105,-40],[-121,9],[-65,26],[-114,16],[-112,-13],[-95,-50],[-41,-46],[-19,-71],[39,-26],[-29,-49],[-155,14],[-59,28],[-101,22],[-50,-1],[-93,-30],[-11,-54],[-52,-47],[-7,-52],[-115,28],[-39,-10],[-82,19],[-63,44],[-47,1],[-77,26],[-230,29],[-133,34]],[[4771,630],[6,69],[-91,75],[-33,-16],[-19,67],[67,13],[10,19],[76,1],[3,34],[-52,40],[5,56],[-72,39],[-93,2],[-39,39],[-107,0],[-133,-30],[-100,10],[-32,15],[104,187],[42,51],[-14,44],[9,47],[39,57],[60,-1],[-6,55],[40,24],[152,-43],[-51,128],[-9,74],[-29,28],[-15,66],[57,21],[17,33],[51,-28],[26,49],[143,-16],[4,79],[84,32],[63,-45],[46,36],[92,31],[27,113],[54,41],[-39,40],[-39,-4],[31,88]],[[5106,2250],[6,36],[71,-20],[52,39],[111,7],[6,74],[-13,26],[37,64],[5,47],[65,26],[82,-4],[43,45],[59,10],[42,38],[35,-5],[75,23],[36,32],[85,-30],[20,63],[68,84],[-8,39],[29,60],[2,52],[-27,40],[-9,114]],[[5978,3110],[90,22],[19,-48],[98,-12],[129,101],[83,17],[42,24],[21,-33],[44,-9],[23,-37],[87,19],[37,-46],[98,-49],[51,6],[71,31],[23,-30],[63,16],[3,40],[63,16],[-26,36],[123,10],[63,15],[40,79],[39,3],[-17,49]],[[7245,3330],[58,9],[7,-31],[39,-21],[59,-90],[105,-82],[91,11],[14,-31],[122,-14],[-6,48],[41,56],[-14,38],[49,31],[27,43],[-36,48],[14,34],[69,19],[16,49],[135,34],[80,-1],[112,26],[84,42],[20,22]],[[8331,3570],[68,-73],[-9,-59],[42,-75],[89,-28],[2,-44],[-72,-41],[-12,-60],[-42,-47],[53,-34],[44,3],[74,-20],[93,23],[55,-50],[61,-2],[35,-26],[42,1],[103,-64]],[[7820,5873],[37,-41],[61,7],[28,-53],[34,23],[42,-52],[24,5],[41,61],[109,-64],[95,21],[56,-8],[31,-69],[33,-29],[62,-10],[142,-73],[17,-43],[99,-134],[57,12],[-3,29],[39,6]],[[8824,5461],[-37,-22],[6,-34],[31,-6],[14,-45],[-73,-61],[26,-21],[-12,-146],[-22,-31],[-27,-80],[28,-69]],[[8758,4946],[3,-4]],[[8761,4942],[-29,-71],[-91,-23],[-45,-77],[-27,3],[-56,-48],[-27,9],[-76,-104],[-25,15],[-81,-21],[-21,-57],[-31,-32],[-13,-52]],[[8239,4484],[-45,-4],[-9,52],[-60,21],[-1,38],[-36,36],[-53,-27],[-64,2],[-39,-16],[-40,-54],[-105,-8],[-50,-23],[-60,-98],[-75,7],[-18,-38],[-37,7],[-68,-29],[-9,-43],[-68,-118],[-42,-24],[-2,-37],[-50,-53],[-68,-96],[-61,-58],[-105,-37],[-70,-63],[55,-50],[84,-197],[48,-44],[20,-68],[45,4],[-19,-85],[8,-51]],[[5978,3110],[-60,48],[-46,-13],[-46,56],[-57,32],[-38,64],[-39,20],[-89,100],[-22,58],[-48,63],[-1,34],[-82,20],[-2,48],[-40,-3],[-42,50],[-88,39],[-41,66],[-1,35],[208,425],[159,318],[-49,16],[73,223],[-31,11],[24,47],[25,-3],[41,129]],[[5686,4993],[1,2]],[[5687,4995],[31,7],[11,59],[73,72],[50,67],[42,2],[16,31],[76,43],[51,5],[27,23],[41,-29],[13,47],[99,47],[17,-40],[49,13],[50,-33],[16,-64],[44,29],[-12,55],[34,42],[67,38],[-4,30],[31,41],[51,23],[52,-16],[49,105],[-50,68],[35,14],[97,112],[34,5],[88,47],[95,30],[44,-30],[66,4],[40,-30],[30,17],[58,67],[67,-53],[45,31],[28,75],[48,32]],[[7386,5981],[47,-25],[141,19],[63,58],[21,-20],[5,-55],[74,-88],[83,3]],[[7386,5981],[-14,68],[-126,27],[-91,-19],[-11,142],[-25,49],[95,71],[-26,101],[44,-7],[41,27],[25,100],[3,85],[65,18],[55,35],[28,-59],[39,-14],[58,25],[18,31],[67,2],[-8,89],[7,76],[52,90],[-60,47],[36,35],[30,-31],[168,46],[0,21]],[[7856,7036],[56,-7],[80,9],[6,39],[97,15],[-5,68]],[[8090,7160],[62,25],[20,-55],[-28,-63],[-73,-48],[2,-140],[38,-112],[27,32],[46,-52],[35,15],[4,133],[63,-72],[40,19],[38,-51],[-64,-23],[9,-51],[-62,-102],[-2,-69],[-61,-22],[-107,24],[-62,-56],[-32,-58],[29,-34],[-2,-40],[61,-17],[3,-32],[55,-36],[63,25],[37,-68],[-47,-20],[-18,-68],[-81,8],[-105,-82],[-55,-27],[5,-79],[-58,-23],[3,-36],[-53,-32]],[[9327,3081],[-85,-137],[-56,-68],[-51,-87],[-22,-17]],[[8958,2974],[-1,0]],[[8331,3570],[62,48],[40,15],[-25,67],[9,81],[26,35],[63,18],[12,90],[21,39],[49,19],[35,76],[-32,96],[-34,7],[0,56],[-32,37],[-32,-11],[-29,48],[-96,79],[-64,19],[-23,25],[3,57],[-45,13]],[[8761,4942],[-3,4]],[[8824,5461],[35,-2],[19,49],[51,18],[66,-32],[34,24],[55,-20],[31,28],[55,-10],[1,40],[57,34],[39,-35],[107,-6],[79,30],[81,-50],[29,27],[55,-34],[96,18],[43,-24],[72,92]],[[9829,5608],[146,-53],[321,-2],[-3,149],[28,219],[51,11],[62,-43],[22,23],[75,-23],[232,-4],[138,8],[36,-10],[-32,-184],[-108,-285],[2,-26],[-48,-184],[-10,-112],[-23,-148],[-32,-79],[-48,-87],[-16,-87],[-37,6],[-30,-68],[-225,-219],[-74,-39],[-101,-35],[-129,-150],[-78,-73],[-75,-85],[-141,-201],[-59,-125],[15,-39],[-108,-122],[-194,-368],[-53,-83]],[[9333,3090],[-6,-9]],[[10233,8016],[-77,0],[-21,-45],[-46,21],[-47,-29],[-102,26],[-9,-25],[-116,-32],[-39,50],[-49,-44],[-9,-41],[-38,-31],[4,-99],[96,12],[28,-44],[-55,-8],[62,-91],[-18,-42],[-177,-19],[-3,45],[-55,-13],[-75,58],[-19,-29],[0,-81],[-33,-11],[27,-60],[-28,-23],[-29,-86],[-48,-33],[-73,-11],[-18,42],[-85,-9],[-70,9],[-13,-99],[-15,-32],[-3,-68],[-76,29],[-16,-44],[0,-145],[-45,7],[-65,-41],[-46,-11],[-64,22],[-41,-21],[-141,-11],[-90,29],[-38,-29],[-28,45],[-84,58],[3,100],[57,20],[-38,35],[-66,-3],[-53,85],[-36,29],[-52,3],[-30,-31],[-72,-37],[19,-40],[-106,-23],[-63,-49],[21,-37],[34,3],[50,36],[76,7]],[[7856,7036],[-35,73],[-73,5],[-5,44],[46,14],[41,57],[-89,33],[-113,26],[-6,-23],[-124,24],[-107,-12],[-2,-33],[-34,-49],[-41,21],[-96,-15],[-15,34],[-73,6],[15,51],[-55,14],[-28,34],[-40,9],[-10,125],[-30,-43],[-133,-45],[-19,-34],[-86,54],[-108,1],[-22,27],[-11,93]],[[6603,7527],[40,41],[27,76],[91,79],[37,44],[64,16],[46,42],[8,34],[-12,72],[30,52],[42,241],[18,38],[55,6],[35,79],[38,28],[74,27],[30,48],[52,-21],[23,31],[44,-1],[24,27],[7,64],[64,45],[47,-22],[28,43],[-13,22],[103,56],[10,75],[67,39],[2,52],[82,64],[-2,28],[33,40],[88,67],[197,11],[47,32],[80,20],[74,40],[19,42],[-3,51],[46,68],[79,1],[41,27],[76,-19],[139,38],[154,8],[21,-18],[78,-17],[64,-33],[68,-56],[70,11],[37,-44],[63,2],[75,26],[89,-15],[142,33],[106,-18],[63,-24],[45,15],[39,-31],[35,-3],[23,-39],[110,-368],[59,-202],[-9,-157],[7,-53],[86,-108],[5,-69],[47,-122],[74,-50],[2,-22]],[[10233,8016],[16,-146],[53,-89],[17,-112],[-10,-174],[24,-327],[-13,-187],[-23,-53],[17,-139],[-50,-144],[29,-83],[-70,-35],[-300,208],[-66,-18],[-35,-49],[-91,-83],[-9,-45],[-100,-206],[-46,-44],[-58,-108],[-9,-181],[14,-98],[49,30],[14,-41],[44,-36],[-10,-62],[127,-155],[82,-31]],[[5687,4995],[-51,-29],[-80,134],[144,171],[-32,14],[-131,-16],[-26,51],[-47,-9],[3,-54],[-25,-53],[0,-46],[-27,-47],[8,-58],[-44,-31],[-19,-41],[-46,42],[1,40],[-38,43],[-33,9],[61,95],[-29,16],[26,43],[-28,16],[-195,-43],[-12,25],[17,62],[-45,14],[9,184],[-111,74],[51,116],[42,31],[-44,118],[-36,27],[-42,-24],[-61,37],[-76,24],[-106,50],[64,91],[-80,64],[-130,33],[10,108],[-40,50],[59,96],[-63,19],[11,47],[81,-27],[22,61],[-44,10],[-155,8],[-15,-86],[-51,6],[-4,-46],[-49,5],[-6,-50],[-38,-133],[-25,-44],[-63,31],[-4,215],[-48,-2]],[[4097,6436],[60,77],[12,121],[28,19],[-11,37],[59,124],[-26,24],[33,73],[69,71],[7,33],[142,46],[111,-7],[40,-20],[32,25],[21,-38],[62,-49],[109,-53],[38,-60],[43,-20],[15,-36],[67,-18],[126,22],[56,-68],[68,-38],[45,22],[157,-66],[29,15],[44,-16],[61,13],[98,63],[89,-32],[109,-4],[119,64],[45,34],[54,127],[25,130],[19,25],[98,272],[-12,97],[70,6],[29,19],[255,64],[11,-7]],[[5687,4995],[-1,-2]],[[5106,2250],[-54,-14],[-28,57],[-43,17],[-10,-49],[-46,-45],[-47,52],[26,26],[-60,24],[-28,36],[-145,-41],[-128,-20],[-26,-36],[-22,-72],[-60,-56],[-58,9],[10,36],[-61,22],[-49,-11],[-28,43],[-55,-29],[-27,43],[-56,-17],[-48,12],[27,60],[-36,35],[-46,5],[-122,64],[-26,-6],[-8,-52],[-56,-117],[-6,-53],[-44,-5],[-20,-30],[16,-45],[-17,-60],[-35,-24],[-14,-65],[-47,-44],[-46,-10],[-49,18],[-30,34],[-29,-32],[-32,29],[-72,-15],[18,-63],[-58,